{
  "train_loss": [
    0.9791196639891024,
    0.7922917281587919,
    0.7525655323708499,
    0.7373259202749641,
    0.7543490002000773,
    0.7385003806816207,
    0.741254028070856,
    0.7277178016525728,
    0.7111779765950309,
    0.7139848382384689,
    0.6853130051383266,
    0.6790423064872071,
    0.6200469103124406,
    0.6143782634150099,
    0.6188052700901473,
    0.5906184950360546,
    0.5857693722678555,
    0.5840923370862449,
    0.5764143757384133,
    0.5710582421333702,
    0.64506846887094,
    0.6025734116081838,
    0.5901378129643423,
    0.5932630864834344,
    0.5819998482863108,
    0.5850562066943558,
    0.5869390589219553,
    0.5820579048660066,
    0.5801897786419701,
    0.5777732139384305,
    0.5474447828752024,
    0.5600672408386513,
    0.5535200943273527,
    0.5550902655555142,
    0.5224270979287448,
    0.5129789325098196,
    0.5109208510429771,
    0.47503857176612924,
    0.4579901510366687,
    0.4625744717540564,
    0.4515177646168956,
    0.4626966483063168,
    0.4553685639467504,
    0.454381482468711,
    0.4542887823449241,
    0.4547663761509789
  ],
  "val_loss": [
    0.32080786178509396,
    0.3364661782979965,
    0.3243226483464241,
    0.30582740778724354,
    0.32524435222148895,
    0.3247228612502416,
    0.3235584869980812,
    0.3074166464308898,
    0.32399894048770267,
    0.3091457647581895,
    0.2775038753946622,
    0.24235019087791443,
    0.21238854775826135,
    0.21929732213417688,
    0.1869441568851471,
    0.1872515007853508,
    0.21507548044125238,
    0.3588736206293106,
    0.33682357768217724,
    0.3379457046588262,
    0.28386997679869336,
    0.2114986777305603,
    0.2847810958822568,
    0.20672855402032533,
    0.1958071912328402,
    0.17235437532265982,
    0.2315306713183721,
    0.19034277896086374,
    0.28697075818975765,
    0.2011490985751152,
    0.2641952857375145,
    0.22011657431721687,
    0.25833360478281975,
    0.18637962515155473,
    0.24643235901991525,
    0.2340746782720089,
    0.3101191446185112,
    0.22524937614798546,
    0.2255207747220993,
    0.2155411789814631,
    0.22745100036263466,
    0.2265699151903391,
    0.22206268769999346,
    0.2185781386991342,
    0.22200438442329565,
    0.2244079920152823
  ],
  "val_r2": [
    0.6467646360397339,
    0.6384881138801575,
    0.6521973609924316,
    0.6765537261962891,
    0.6528957486152649,
    0.6533346176147461,
    0.6535543203353882,
    0.6782970428466797,
    0.6489647626876831,
    0.6766043305397034,
    0.7046715021133423,
    0.7493007183074951,
    0.7793048024177551,
    0.7675604820251465,
    0.815786600112915,
    0.8096067905426025,
    0.7812848091125488,
    0.6203791499137878,
    0.6300137042999268,
    0.6250704526901245,
    0.6986841559410095,
    0.7853392958641052,
    0.7056378126144409,
    0.7955206632614136,
    0.8019956350326538,
    0.8293106555938721,
    0.7612590193748474,
    0.814628541469574,
    0.6951977610588074,
    0.8048183917999268,
    0.7149473428726196,
    0.7842715978622437,
    0.7138083577156067,
    0.8209412693977356,
    0.7487720251083374,
    0.7719905972480774,
    0.6713767051696777,
    0.7771052122116089,
    0.7737902998924255,
    0.7867327928543091,
    0.7702739834785461,
    0.7742053866386414,
    0.7804204821586609,
    0.7831019163131714,
    0.7759798765182495,
    0.7804677486419678
  ],
  "lr": [
    0.001,
    0.001,
    0.001,
    0.001,
    0.001,
    0.001,
    0.001,
    0.001,
    0.001,
    0.001,
    0.001,
    0.001,
    0.001,
    0.001,
    0.001,
    0.001,
    0.001,
    0.001,
    0.001,
    0.001,
    0.001,
    0.001,
    0.001,
    0.001,
    0.001,
    0.001,
    0.001,
    0.001,
    0.001,
    0.001,
    0.001,
    0.001,
    0.001,
    0.001,
    0.001,
    0.001,
    0.0005,
    0.0005,
    0.0005,
    0.0005,
    0.0005,
    0.0005,
    0.0005,
    0.0005,
    0.0005,
    0.0005
  ]
}