{
  "R2": 0.987508232922719,
  "RMSE": 0.512905478477478,
  "MAE": 0.3200088143348694,
  "category_accuracy": 0.9576443545863721,
  "per_category_accuracy": {
    "[REMOVED_ZH:2] (26–32)": 0.24923076923076923,
    "[REMOVED_ZH:2] (32–38)": 0.9499983530419316,
    "[REMOVED_ZH:4] (38–46)": 0.973218173900421,
    "[REMOVED_ZH:2] (>46)": 0.9367464436010637
  },
  "n_samples": 166188
}