{
  "R2": 0.9963476785017582,
  "RMSE": 0.17884042859077454,
  "MAE": 0.0853414535522461,
  "category_accuracy": 0.9857378463371093,
  "per_category_accuracy": {
    "[REMOVED_ZH:2] (9ľ26)": 0.8654236428209031,
    "[REMOVED_ZH:2] (26ľ32)": 0.9636196324221632,
    "[REMOVED_ZH:2] (32ľ38)": 0.9944922145543322,
    "[REMOVED_ZH:4] (38ľ46)": 0.973627603551801,
    "[REMOVED_ZH:2] (>46)": 0.5869565217391305
  },
  "n_samples": 3707154
}