{
  "R2": 0.9990634904841976,
  "RMSE": 0.0905601903796196,
  "MAE": 0.05229705572128296,
  "category_accuracy": 0.9911495449069556,
  "per_category_accuracy": {
    "[REMOVED_ZH:2] (9\u201326)": 0.9556062912227296,
    "[REMOVED_ZH:2] (26\u201332)": 0.9840276658722552,
    "[REMOVED_ZH:2] (32\u201338)": 0.9934299435963403,
    "[REMOVED_ZH:4] (38\u201346)": 0.9889133403861481,
    "[REMOVED_ZH:2] (>46)": 0.8737280296022202
  },
  "n_samples": 3707154,
  "variant": "V0"
}