{
  "R2": 0.9956907100518918,
  "RMSE": 0.19426031410694122,
  "MAE": 0.10416554659605026,
  "category_accuracy": 0.9828930764678241,
  "per_category_accuracy": {
    "[REMOVED_ZH:2] (9ľ26)": 0.8209030948756976,
    "[REMOVED_ZH:2] (26ľ32)": 0.9530731847981884,
    "[REMOVED_ZH:2] (32ľ38)": 0.9954719277005046,
    "[REMOVED_ZH:4] (38ľ46)": 0.9638741085602996,
    "[REMOVED_ZH:2] (>46)": 0.5161887141535615
  },
  "n_samples": 3707154
}