{
  "R2": 0.9955775141716003,
  "RMSE": 0.19679483771324158,
  "MAE": 0.10534999519586563,
  "category_accuracy": 0.9828580091358492,
  "per_category_accuracy": {
    "[REMOVED_ZH:2] (9ľ26)": 0.7883054287163876,
    "[REMOVED_ZH:2] (26ľ32)": 0.9536223464255726,
    "[REMOVED_ZH:2] (32ľ38)": 0.9946056807094928,
    "[REMOVED_ZH:4] (38ľ46)": 0.9663147651243091,
    "[REMOVED_ZH:2] (>46)": 0.5749306197964847
  },
  "n_samples": 3707154
}