{
  "R2": 0.9956221217417602,
  "RMSE": 0.19580017030239105,
  "MAE": 0.10508838295936584,
  "category_accuracy": 0.9821345431023367,
  "per_category_accuracy": {
    "[REMOVED_ZH:2] (9ľ26)": 0.8113901572805683,
    "[REMOVED_ZH:2] (26ľ32)": 0.9621566149592475,
    "[REMOVED_ZH:2] (32ľ38)": 0.9941542562212191,
    "[REMOVED_ZH:4] (38ľ46)": 0.9587971254779238,
    "[REMOVED_ZH:2] (>46)": 0.5675300647548566
  },
  "n_samples": 3707154
}