{
  "R2": 0.9955536638642564,
  "RMSE": 0.19732512533664703,
  "MAE": 0.10758094489574432,
  "category_accuracy": 0.9807763583600789,
  "per_category_accuracy": {
    "[REMOVED_ZH:2] (9ľ26)": 0.8183663115169965,
    "[REMOVED_ZH:2] (26ľ32)": 0.9512624356484348,
    "[REMOVED_ZH:2] (32ľ38)": 0.9964504207804926,
    "[REMOVED_ZH:4] (38ľ46)": 0.9516577810766282,
    "[REMOVED_ZH:2] (>46)": 0.509713228492137
  },
  "n_samples": 3707154
}