{
  "R2": 0.9959397266341585,
  "RMSE": 0.18856403231620789,
  "MAE": 0.10070424526929855,
  "category_accuracy": 0.9817577041579605,
  "per_category_accuracy": {
    "[REMOVED_ZH:2] (9ľ26)": 0.8269913749365804,
    "[REMOVED_ZH:2] (26ľ32)": 0.9566734799460592,
    "[REMOVED_ZH:2] (32ľ38)": 0.9949216778512845,
    "[REMOVED_ZH:4] (38ľ46)": 0.9575604913663894,
    "[REMOVED_ZH:2] (>46)": 0.6262719703977798
  },
  "n_samples": 3707154
}