{
  "n_scenarios": 300,
  "split": {
    "train": 204,
    "val": 41,
    "test": 55
  },
  "far": {
    "min": 2.4510940216319277,
    "max": 2.4999998640218037,
    "mean": 2.4846270871421643
  },
  "bcr": {
    "min": 0.21031368815319176,
    "max": 0.5752576877234632,
    "mean": 0.3246087471654138
  },
  "n_air_nodes": {
    "min": 684,
    "max": 1263,
    "mean": 1084.6466666666668
  },
  "n_timesteps": 11,
  "normalization": {
    "ta": {
      "mean": 30.8247,
      "std": 1.1456
    },
    "mrt": {
      "mean": 58.7792,
      "std": 10.5
    },
    "va": {
      "mean": 4.2684,
      "std": 0.6799
    },
    "rh": {
      "mean": 64.9091,
      "std": 2.1086
    },
    "utci": {
      "mean": 36.2592,
      "std": 2.795
    }
  }
}