{
  "sim_hours": [
    8,
    9,
    10,
    11,
    12,
    13,
    14,
    15,
    16,
    17,
    18
  ],
  "obs_ta": [
    29.8232841256214,
    30.73730473285122,
    31.318182933763822,
    31.808761915501616,
    36.4,
    36.6,
    36.8,
    30.890288081862945,
    29.890229485834393,
    28.89007763000815,
    27.988288447489275
  ],
  "epw_ta": [
    28.6,
    29.0,
    29.6,
    31.1,
    31.0,
    31.1,
    31.6,
    31.7,
    32.2,
    31.7,
    31.5
  ],
  "delta_ta": [
    1.2242870095325316,
    1.7391033626119636,
    1.7207479362052283,
    0.711841902073882,
    5.403274917602538,
    5.503440475463869,
    5.203440475463864,
    -0.8063977091526802,
    -2.306956030523029,
    -2.807886084591459,
    -3.5105461624960768
  ],
  "obs_rh": [
    69.88282689773227,
    68.58285737894344,
    66.84174219417227,
    65.63362327806581,
    68.4,
    71.35,
    74.3,
    67.21270403717482,
    70.49353204795995,
    72.28083279868582,
    74.34687804464158
  ]
}