{
  "sim_hours": [
    8,
    9,
    10,
    11,
    12,
    13,
    14,
    15,
    16,
    17,
    18
  ],
  "obs_ta": [
    32.5,
    34.287499999999994,
    35.4,
    35.6,
    35.7,
    35.8,
    35.5,
    34.975,
    33.849999999999994,
    32.8125,
    31.8
  ],
  "epw_ta": [
    29.1,
    30.0,
    31.6,
    33.0,
    33.6,
    33.5,
    32.7,
    32.5,
    32.7,
    32.2,
    32.0
  ],
  "delta_ta": [
    3.901002883911133,
    5.2892986297607365,
    5.802565002441405,
    4.503079986572267,
    4.703274917602542,
    4.703440475463864,
    3.903440475463867,
    3.2783142089843764,
    1.6528144836425724,
    1.1145362854003906,
    0.30116539001464915
  ],
  "obs_rh": [
    80.725,
    89.025,
    93.625,
    92.075,
    94.3,
    95.725,
    91.975,
    88.82499999999999,
    79.1425,
    75.3475,
    77.5775
  ]
}