{
  "R2": 0.9969706114959587,
  "RMSE": 0.16287660598754883,
  "MAE": 0.08103522658348083,
  "category_accuracy": 0.9855878660557398,
  "per_category_accuracy": {
    "[REMOVED_ZH:2] (9ľ26)": 0.860857432775241,
    "[REMOVED_ZH:2] (26ľ32)": 0.9753810206349072,
    "[REMOVED_ZH:2] (32ľ38)": 0.9946435027612132,
    "[REMOVED_ZH:4] (38ľ46)": 0.9651290052009074,
    "[REMOVED_ZH:2] (>46)": 0.622109158186864
  },
  "n_samples": 3707154
}