{
  "R2": 0.9995119134157994,
  "RMSE": 0.06172901391983032,
  "MAE": 0.048694152384996414,
  "category_accuracy": 0.9856867450677504,
  "per_category_accuracy": {
    "中度 (26–32)": 0.9889230980925025,
    "強烈 (32–38)": 0.9974707399325531,
    "非常強烈 (38–46)": 0.9598373822093625
  },
  "n_samples": 652542
}